[
  {
    "id": 1,
    "fullName": "Kalyani",
    "address": "Pune",
    "phoneNumber": "9834567544",
    "email": "kalyani11@email.com"
  },
  {
    "id": 2,
    "fullName": "Kartik",
    "address": "Nagpur",
    "phoneNumber": "9834567544",
    "email": "kartik22@email.com"
  },
  {
    "id": 3,
    "fullName": "Sam",
    "address": "Nashik",
    "phoneNumber": "9834567544",
    "email": "sam22@email.com"
  },
  {
    "id": 4,
    "fullName": "Jenny",
    "address": "Pune",
    "phoneNumber": "9834567544",
    "email": "jenny@email.com"
  },
  {
    "id": 5,
    "fullName": "Riya",
    "address": "Nagpur",
    "phoneNumber": "9834567544",
    "email": "riya34@email.com"
  }
]
